"Year","Fishery","Total Landings"
2011,1.00718,1.00718
2012,0.953663,0.953663
2013,1.04943,1.04943
2014,1.04222,1.04222
2015,1.31714,1.31714
2016,0.818524,0.818524
2017,0.973382,0.973382
2018,1.24069,1.24069
2019,2.5997,2.5997
2020,0.655808,0.655808
